{
  "name": "RateCalculator",
  "version": "3.3.2",
  "title": "Rate Calculator",
  "description": "Calculate maximum production and consumption rates for the selected machines.",
  "author": "raiguard",
  "contact": "https://github.com/raiguard/RateCalculator",
  "homepage": "https://github.com/raiguard/RateCalculator",
  "factorio_version": "2.0",
  "dependencies": ["base >= 2.0.0", "flib >= 0.15.0"],
  "package": {
    "git_publish_branch": "master",
    "ignore": ["crowdin.yml", "imgui.ini", "screenshots/*"],
    "scripts": {
      "prepublish": "factorio-crowdin-sync"
    },
    "sync_portal_details": true
  }
}
