{
    "name": "ProductivityResearchForEveryone",
    "version": "1.0.5",
    "title": "Productivity Research for Everyone",
    "author": "Semenar",
    "contact": "inbox@semenar.am",
    "description": "Adds a productivity research for every recipe that supports productivity and does not already have one.",
    "factorio_version": "2.0",
    "dependencies": [
        "base >= 2.0",
        "? UnlimitedProductivityFork",
        "? aai-industry",
        "? modified-productivity-cap"
    ]
}