{
  "name": "minime",
  "version": "2.0.5",
  "title": "miniMAXIme: Character scaler and selector",
  "author": "DellAquila; Pi-C",
  "description": "Adjust the size of your character -- and change your appearance at any time if you've other mods that provide extra characters!",
  "factorio_version": "2.0",
  "homepage": "https://forums.factorio.com/viewtopic.php?f=190&t=101538",
  "dependencies": [
    "base >= 2.0.12",
    "Pi-C_lib",
    "(?) bobclasses",
    "(?) CharacterModHelper",
    "(?) RitnCharacters",
    "? AmongUsCharacter",
    "? CrusaderSkin",
    "? dnf-snow",
    "? FalloutPowerArmor",
    "? genshin-impact-skin",
    "? GirlCharacter",
    "? HuTaoSkin",
    "? IRobot",
    "? korone-character",
    "? MechanicusMiniMAX",
    "? miku-bikini-swimsuit",
    "? minecraft",
    "? Nepgear-More-Compatibility",
    "? NewGirlCharacter",
    "? NikoCharacter",
    "? pikachu",
    "? ProtogenCharacter",
    "? ProtogenCharacterUpdated",
    "? shrek2",
    "? tianyi",
    "? vaporeon-character",
    "? wickerbeast",
    "? lexxy-wickerbeast >= 1.0.11",
    "? walter_character_skin",
    "? yaemiko-raidenshogun-characters"
  ]
}
