{
  "name": "reverse-factory",
  "author": "Victor Ros, Kryzeth",
  "version": "9.0.16",
  "factorio_version": "2.0",
  "title": "Reverse Factory",
  "description": "Reverse Factory machine will recycle (uncraft) nearly any item placed inside. Supports nearly all modded items.",
  "dependencies": ["base", "kry_stdlib >= 1.5.5", "? space-age", "? BobExtended", "? angelspetrochem", "? aai-industry", "? mini-machines", "? omnimatter_wood", "? Bio_Industries", "? kry-inserters", "? GDIW", "? bobassembly", "? bobelectronics", "? Fantario", "? pycoalprocessing", "? pyfusionenergy", "? pyhightech", "? pyindustry", "? pypetroleumhandling", "? IndustrialRevolution >= 2.0.2", "(?) anarchy", "(?) randotorio", "(?) ZRecipeRandomizer", "(?) starry-sakura", "(?) one-more-tier", "(?) 248k", "(?) IndustrialRevolution3", "(?) SeaBlock"]
}
