{
  "name": "James-Train-Mod",
  "version": "2.0.8",
  "title": "James' Train Mod",
  "author": "James Fire",
  "homepage": "",
  "description": "Includes unified train changes, including weightier rolling stock, electric trains, powered rails, and electric train cars. Each also has a setting, so you can pick and choose which ones you want.",
  "factorio_version": "2.0",
  "dependencies": [
	"base >= 0.18.0",
	"? exotic-industries",
	"? FluidicPower",
	"? space-exploration",
	"? Bio_Industries",
	"LSlib_James_Fork"
  ]
}

