{
  "name": "kry_stdlib",
  "version": "1.5.5",
  "factorio_version": "2.0",
  "title": "Kryzeth Standard Library",
  "author": "Afforess, Kryzeth",
  "contact": "",
  "dependencies": [
    "base >= 2.0.0"
  ],
  "description": "Unofficial temporary fork of the Factorio Standard Library, which was a project to bring Factorio modders high-quality, commonly-required utilities and tools. Compatibility with older mods which relied on the original stdlib mod is not guaranteed. This fork will eventually be folded into one of the other stdlib forks on the mod portal, if and when all mods that rely on it can be safely switched over.",
  "package": {
    "ignore": [
      "wiki/**",
      "spec/**",
      "tools/**",
      "doc/**",
      "faketorio/**"
    ]
  }
}
