{
  "name": "fcpu",
  "version": "0.4.33",
  "title": "fCPU",
  "description": "Factorio Customizable Processing Unit.",
  "author": "KonStg & Krul",
  "contact": "https://discord.gg/vPnDPhV",
  "homepage": "https://boosty.to/konstg",
  "factorio_version": "2.0",
  "dependencies": [
    "base >= 0.18",
    "flib",
    "? informatron >= 0.1.13",
    "? booktorio >= 1.0.0"
  ],
  "package": {
    "ignore": [ "tests/**", "*.psd", "todos.md"],
    "scripts": {
      "version": "powershell -ExecutionPolicy Unrestricted .vscode/event_version.ps1",
      "compile": "powershell -ExecutionPolicy Unrestricted .vscode/event_compile.ps1"
    }
  }
}
