{
  "name": "factorissimo-2-notnotmelon",
  "version": "3.6.6",
  "title": "Factorissimo 3",
  "author": "MagmaMcFry, notnotmelon",
  "homepage": "https://github.com/notnotmelon/factorissimo-2-notnotmelon",
  "description": "Factorissimo adds factory buildings to Factorio. Place them down, walk in, build your factories inside! Now updated for space age!",
  "factorio_version": "2.0",
  "dependencies": [
    "base >= 2.0.12",
    "? space-age",
    "! Factorissimo2",
    "! Factorissimo2-Space-Age-Port",
    "(?) Bio_Industries",
    "(?) power-grid-comb",
    "(?) EfficientSmelting",
    "(?) Krastorio2",
    "(?) PickerDollies",
    "(?) advanced_fluid_handling_for_py",
    "(?) SchallBeltConfiguration"
  ]
}