
{
  "name": "longer-belts-redux",
  "version": "2.0.0",
  "title": "Longer Underground Belt (Aligned) ",
  "author": "Peppe",
  "contact": "",
  "homepage": "https://www.reddit.com/r/factorio/comments/53wjk1/the_longer_underground_belt_mod_that_gets_it_right/",
  "description": "Extends underground belt distance based on their speed.  Fixed optional mod bob's logistics.  Credit Schmendrick, Loren1350, for past versions",
  "dependencies": ["base", "? boblogistics >= 0.14.2", "? compoundsplitters >= 0.2.8", "? ConductingBelt >= 0.2.5",  "? DoubleSpeedBelts >= 0.4.4",  "? UltimateBelts >= 0.18.2" ],
  "factorio_version": "2.0"
}
