{
  "name": "oarc-mod",
  "version": "2.1.15",
  "factorio_version": "2.0",
  "title": "Oarc Multiplayer Spawn",
  "author": "Oarcinae",
  "contact": "Mod Discussion Page, oarcinae@gmail.com, Discord:oarc",
  "homepage": "https://github.com/Oarcinae/FactorioScenarioMultiplayerSpawn",
  "description": "[[Description is in locale file!]]",
  "dependencies": [
    "base >= 2.0.17",
    "? space-age",
    "(?) dangOreus" ,
    "(?) Milestones",
    "(?) space-exploration",
    "(?) alien-biomes",
    "(?) sonaxaton-research-queue",
    "(?) helmod",
    "(?) blueprint-sandboxes",
    "(?) factorissimo-2-notnotmelon",
    "(?) better-chat",
    "! rso-mod"
  ]
}
