{
  "name": "cargo-ships",
  "version": "1.0.13",
  "title": "Cargo Ships",
  "author": "rude_grass",
  "description": "Adds cargo ships, oil tankers, deep sea oil rigs and other ocean based content",
  "factorio_version": "2.0",
  "dependencies": [
    "base >= 2.0.18",
    "cargo-ships-graphics >= 1.0.4",
    "? factorio-world >= 1.0.2",
    "(?) NewIslands >= 0.1.0",
    "? islands_world >= 1.1.0",
    "? SeaBlock >= 0.5.5",
    "(?) Hovercraft >= 0.0.1",
    "? Hovercrafts >= 1.1.0",
    "? angelspetrochem >= 0.9.17",
    "? ctg >= 0.4.3",
    "? Krastorio2 >= 1.0.18",
    "! cargo-ships-seraph"
  ],
  "package": {
    "ignore": [
      "blender/*",
      "scenarios/*"
    ]
  }
}
